"","Status","Year","Event","Site","Sample.ID","Sample.Name","File.Name","C.CT.mean","D.CT.mean","C.CT.sd","D.CT.sd","C.reps","D.reps","C.D","fail","propC","propD","syms","dom"
"78","T13Amb","Feb2014","lab2014","Lilipuna",26,"T13Amb-Feb2014-Lil_26","Wall_qPCR_plate11.txt",31.72873,0,0.202232539419354,NA,2,0,1,FALSE,1,NA,"C","C"
"80","T13Amb","Feb2014","lab2014","Lilipuna",43,"T13Amb-Feb2014-Lil_43","Wall_qPCR_plate11.txt",27.44438,29.16605,0.434375695682896,0.113349217024206,2,2,0.299834517022479,FALSE,0.230671299381484,0.769328700618516,"DC","D"
"81","T13Amb","Feb2014","lab2014","Lilipuna",44,"T13Amb-Feb2014-Lil_44","Wall_qPCR_plate11.txt",0,30.9024,NA,1.07522657147227,0,2,0,FALSE,NA,1,"D","D"
"82","T13Amb","Feb2014","lab2014","Lilipuna",45,"T13Amb-Feb2014-Lil_45","Wall_qPCR_plate11.txt",36.30683,29.7488,NA,0.265306464301192,1,2,0,FALSE,NA,1,"D","D"
"83","T13Amb","Feb2014","lab2014","Lilipuna",48,"T13Amb-Feb2014-Lil_48","Wall_qPCR_plate11.txt",27.37098,0,0.0573463599542285,NA,2,0,1,FALSE,1,NA,"C","C"
"84","T13Amb","Feb2014","lab2014","Reef 14",25,"T13Amb-Feb2014-R14_25","Wall_qPCR_plate11.txt",0,32.89625,NA,0.862316719656997,0,2,0,FALSE,NA,1,"D","D"
"85","T13Amb","Feb2014","lab2014","Reef 14",29,"T13Amb-Feb2014-R14_29","Wall_qPCR_plate11.txt",28.84778,32.5508,0.473407990004393,0.579120453791779,2,2,1.18393377279581,FALSE,0.54211065717445,0.45788934282555,"CD","C"
"86","T13Amb","Feb2014","lab2014","Reef 14",32,"T13Amb-Feb2014-R14_32","Wall_qPCR_plate11.txt",35.67258,27.005,0.38685811998716,0.287792459942925,2,2,0.000223565994056308,FALSE,0.000223516023474332,0.999776483976526,"DC","D"
"143","T13Amb","Feb2014","lab2014","Reef 14",37,"T13Amb-Feb2014-R14_37","Wall_qPCR_plate12.txt",32.08468,30.1344,0.964988624285281,0.21764746724922,2,2,0.0235241822242814,FALSE,0.0229835138561744,0.977016486143826,"DC","D"
"144","T13Amb","Feb2014","lab2014","Reef 14",43,"T13Amb-Feb2014-R14_43","Wall_qPCR_plate12.txt",26.82388,28.6983,6.72126208721249,NA,2,1,1,FALSE,1,NA,"C","C"
"89","T13Amb","Feb2014","lab2014","Reef 14",9,"T13Amb-Feb2014-R14_9","Wall_qPCR_plate11.txt",28.34963,35.6189,0.198414162800945,NA,2,1,1,FALSE,1,NA,"C","C"
"90","T14Amb","Feb2014","lab2014","Lilipuna",3,"T14Amb-Feb2014-Lil_3","Wall_qPCR_plate11.txt",34.93078,28.43235,0.0935502271509808,0.215738278940015,2,2,0.00100550667994785,FALSE,0.00100449665185442,0.998995503348145,"DC","D"
"91","T14Amb","Feb2014","lab2014","Lilipuna",4,"T14Amb-Feb2014-Lil_4","Wall_qPCR_plate11.txt",28.83018,35.8227,0.0374059487247691,NA,2,1,1,FALSE,1,NA,"C","C"
"145","T14Amb","Feb2014","lab2014","Lilipuna",46,"T14Amb-Feb2014-Lil_46","Wall_qPCR_plate12.txt",34.96703,29.57255,0.908490792468474,0.102884036662642,2,2,0.00216126004028611,FALSE,0.00215659906889559,0.997843400931104,"DC","D"
"146","T14Amb","Feb2014","lab2014","Lilipuna",47,"T14Amb-Feb2014-Lil_47","Wall_qPCR_plate12.txt",0,29.83755,NA,0.0509823989235493,0,2,0,FALSE,NA,1,"D","D"
"94","T14Amb","Feb2014","lab2014","Lilipuna",7,"T14Amb-Feb2014-Lil_7","Wall_qPCR_plate11.txt",27.39768,34.4465,0.27640804076582,NA,2,1,1,FALSE,1,NA,"C","C"
"95","T14Amb","Feb2014","lab2014","Lilipuna",9,"T14Amb-Feb2014-Lil_9","Wall_qPCR_plate11.txt",33.57338,28.21465,0.718066936294941,0.272872506859888,2,2,0.00221548516427376,FALSE,0.00221058764015267,0.997789412359847,"DC","D"
"96","T14Amb","Feb2014","lab2014","Reef 14",26,"T14Amb-Feb2014-R14_26","Wall_qPCR_plate11.txt",30.28688,28.95675,0.12989551570397,0.0505581348548384,2,2,0.0361574909946076,FALSE,0.0348957482900597,0.96510425170994,"DC","D"
"97","T14Amb","Feb2014","lab2014","Reef 14",35,"T14Amb-Feb2014-R14_35","Wall_qPCR_plate11.txt",26.66868,34.2387,0.408071323422758,0.374483751316397,2,2,17.2746955710633,FALSE,0.945279526210908,0.0547204737890918,"CD","C"
"98","T14Amb","Feb2014","lab2014","Reef 14",44,"T14Amb-Feb2014-R14_44","Wall_qPCR_plate11.txt",0,30.30125,NA,0.569574512245765,0,2,0,FALSE,NA,1,"D","D"
"99","T14Amb","Feb2014","lab2014","Reef 14",7,"T14Amb-Feb2014-R14_7","Wall_qPCR_plate11.txt",0,28.40645,NA,0.293520024870538,0,2,0,FALSE,NA,1,"D","D"
"100","T1Hot","Feb2014","lab2014","Lilipuna",29,"T1Hot-Feb2014-Lil_29","Wall_qPCR_plate11.txt",35.23508,28.626,2.71691638535307,0.84881098013633,2,2,0.00093127081122738,FALSE,0.000930404352810968,0.999069595647189,"DC","D"
"101","T1Hot","Feb2014","lab2014","Lilipuna",31,"T1Hot-Feb2014-Lil_31","Wall_qPCR_plate11.txt",0,27.72605,NA,0.0290620887067672,0,2,0,FALSE,NA,1,"D","D"
"102","T1Hot","Feb2014","lab2014","Lilipuna",39,"T1Hot-Feb2014-Lil_39","Wall_qPCR_plate11.txt",33.66143,30.74045,NA,0.122683026535866,1,2,0,FALSE,NA,1,"D","D"
"103","T1Hot","Feb2014","lab2014","Lilipuna",40,"T1Hot-Feb2014-Lil_40","Wall_qPCR_plate11.txt",31.52443,28.15925,0.723228815797598,0.00982878425849271,2,2,0.00882240913348002,FALSE,0.00874525491662894,0.991254745083371,"DC","D"
"104","T1Hot","Feb2014","lab2014","Lilipuna",41,"T1Hot-Feb2014-Lil_41","Wall_qPCR_plate11.txt",28.12573,34.46125,1.27067088579223,0.92284506012656,2,2,7.3415687987076,FALSE,0.880118473619143,0.119881526380857,"CD","C"
"105","T1Hot","Feb2014","lab2014","Lilipuna",6,"T1Hot-Feb2014-Lil_6","Wall_qPCR_plate11.txt",0,29.02295,NA,0.886358350217337,0,2,0,FALSE,NA,1,"D","D"
"106","T1Hot","Feb2014","lab2014","Reef 14",38,"T1Hot-Feb2014-R14_38","Wall_qPCR_plate11.txt",30.33168,26.79025,0.646790572751332,0.208808632484386,2,2,0.00780783554512735,FALSE,0.00774734554519916,0.992252654454801,"DC","D"
"107","T1Hot","Feb2014","lab2014","Reef 14",40,"T1Hot-Feb2014-R14_40","Wall_qPCR_plate11.txt",0,28.3912,NA,0.341249732600629,0,2,0,FALSE,NA,1,"D","D"
"108","T1Hot","Feb2014","lab2014","Reef 14",41,"T1Hot-Feb2014-R14_41","Wall_qPCR_plate11.txt",0,30.78865,NA,0.799242794775153,0,2,0,FALSE,NA,1,"D","D"
"109","T1Hot","Feb2014","lab2014","Reef 14",47,"T1Hot-Feb2014-R14_47","Wall_qPCR_plate11.txt",0,28.8459,NA,0.604010612489548,0,2,0,FALSE,NA,1,"D","D"
"110","T1Hot","Feb2014","lab2014","Reef 14",49,"T1Hot-Feb2014-R14_49","Wall_qPCR_plate11.txt",37.39123,26.84645,NA,0.15450283168926,1,2,0,FALSE,NA,1,"D","D"
"111","T1Hot","Feb2014","lab2014","Reef 14",6,"T1Hot-Feb2014-R14_6","Wall_qPCR_plate11.txt",0,26.5131,NA,0.430769451098843,0,2,0,FALSE,NA,1,"D","D"
"113","T3Hot","Feb2014","lab2014","Lilipuna",32,"T3Hot-Feb2014-Lil_32","Wall_qPCR_plate11.txt",27.45623,34.9116,0.00212132034355972,1.04779082836223,2,2,15.9550185557176,FALSE,0.941020412527784,0.0589795874722163,"CD","C"
"114","T3Hot","Feb2014","lab2014","Lilipuna",33,"T3Hot-Feb2014-Lil_33","Wall_qPCR_plate11.txt",28.24388,34.9617,0.436214173313979,NA,2,1,1,FALSE,1,NA,"C","C"
"115","T3Hot","Feb2014","lab2014","Lilipuna",35,"T3Hot-Feb2014-Lil_35","Wall_qPCR_plate11.txt",0,27.9383,NA,0.726622928347298,0,2,0,FALSE,NA,1,"D","D"
"116","T3Hot","Feb2014","lab2014","Lilipuna",38,"T3Hot-Feb2014-Lil_38","Wall_qPCR_plate11.txt",27.16648,34.129,0.175291771056146,NA,2,1,1,FALSE,1,NA,"C","C"
"117","T3Hot","Feb2014","lab2014","Lilipuna",42,"T3Hot-Feb2014-Lil_42","Wall_qPCR_plate11.txt",36.82673,29.17265,NA,1.03796204410373,1,2,0,FALSE,NA,1,"D","D"
"118","T3Hot","Feb2014","lab2014","Lilipuna",5,"T3Hot-Feb2014-Lil_5","Wall_qPCR_plate11.txt",32.20933,36.92535,1.45126595770727,3.09083445124452,2,2,2.38930061560705,FALSE,0.704953878863621,0.295046121136379,"CD","C"
"149","T3Hot","Feb2014","lab2014","Reef 14",3,"T3Hot-Feb2014-R14_3","Wall_qPCR_plate12.txt",0,28.3096,NA,2.55590817127689,0,2,0,FALSE,NA,1,"D","D"
"120","T3Hot","Feb2014","lab2014","Reef 14",34,"T3Hot-Feb2014-R14_34","Wall_qPCR_plate11.txt",0,28.65,NA,0.140148564031174,0,2,0,FALSE,NA,1,"D","D"
"121","T3Hot","Feb2014","lab2014","Reef 14",39,"T3Hot-Feb2014-R14_39","Wall_qPCR_plate11.txt",0,28.60635,NA,0.0505581348548384,0,2,0,FALSE,NA,1,"D","D"
"122","T3Hot","Feb2014","lab2014","Reef 14",45,"T3Hot-Feb2014-R14_45","Wall_qPCR_plate11.txt",0,27.6733,NA,0.0271529003975629,0,2,0,FALSE,NA,1,"D","D"
"123","T3Hot","Feb2014","lab2014","Reef 14",48,"T3Hot-Feb2014-R14_48","Wall_qPCR_plate11.txt",34.84013,28.0104,NA,0.0142835569799676,1,2,0,FALSE,NA,1,"D","D"
"124","T3Hot","Feb2014","lab2014","Reef 14",5,"T3Hot-Feb2014-R14_5","Wall_qPCR_plate11.txt",0,28.02205,NA,0.34754298295319,0,2,0,FALSE,NA,1,"D","D"
"1","Bleaching","2014","2014 Bleach","Lilipuna",1,"Bleaching-2014-1","Wall_qPCR_plate1.txt",0,28.0212,NA,0.056992806563636,0,2,0,FALSE,NA,1,"D","D"
"2","Bleaching","2014","2014 Bleach","Lilipuna",10,"Bleaching-2014-10","Wall_qPCR_plate1.txt",29.06713,0,0.405172185619892,NA,2,0,1,FALSE,1,NA,"C","C"
"3","Bleaching","2014","2014 Bleach","Lilipuna",11,"Bleaching-2014-11","Wall_qPCR_plate1.txt",36.77063,26.81665,NA,0.219839498270898,1,2,0,FALSE,NA,1,"D","D"
"4","Bleaching","2014","2014 Bleach","Lilipuna",12,"Bleaching-2014-12","Wall_qPCR_plate1.txt",26.29548,0,0.19183806973591,NA,2,0,1,FALSE,1,NA,"C","C"
"5","Bleaching","2014","2014 Bleach","Lilipuna",13,"Bleaching-2014-13","Wall_qPCR_plate1.txt",0,26.9208,NA,0.226132748623458,0,2,0,FALSE,NA,1,"D","D"
"6","Bleaching","2014","2014 Bleach","Lilipuna",14,"Bleaching-2014-14","Wall_qPCR_plate1.txt",29.57483,31.99255,0.443638794516438,0.701520637615172,2,2,0.485750835155361,FALSE,0.326939634602034,0.673060365397966,"DC","D"
"7","Bleaching","2014","2014 Bleach","Lilipuna",15,"Bleaching-2014-15","Wall_qPCR_plate1.txt",30.84298,0,0.00289913780286562,NA,2,0,1,FALSE,1,NA,"C","C"
"8","Bleaching","2014","2014 Bleach","Lilipuna",16,"Bleaching-2014-16","Wall_qPCR_plate1.txt",0,28.42745,NA,0.0249608693758847,0,2,0,FALSE,NA,1,"D","D"
"9","Bleaching","2014","2014 Bleach","Lilipuna",17,"Bleaching-2014-17","Wall_qPCR_plate1.txt",0,30.14825,NA,0.339623387003899,0,2,0,FALSE,NA,1,"D","D"
"10","Bleaching","2014","2014 Bleach","Lilipuna",18,"Bleaching-2014-18","Wall_qPCR_plate1.txt",27.10183,0,0.18130217869623,NA,2,0,1,FALSE,1,NA,"C","C"
"11","Bleaching","2014","2014 Bleach","Lilipuna",19,"Bleaching-2014-19","Wall_qPCR_plate1.txt",31.76333,0,0.692116117425392,NA,2,0,1,FALSE,1,NA,"C","C"
"12","Bleaching","2014","2014 Bleach","Lilipuna",2,"Bleaching-2014-2","Wall_qPCR_plate1.txt",30.61413,33.7495,0.353977654661985,0.944836081021463,2,2,0.798817797585551,FALSE,0.444079327354754,0.555920672645246,"DC","D"
"13","Bleaching","2014","2014 Bleach","Lilipuna",20,"Bleaching-2014-20","Wall_qPCR_plate1.txt",35.75768,29.3394,0.612142340473192,0.065195245225401,2,2,0.00106294921190211,FALSE,0.00106182055058468,0.998938179449415,"DC","D"
"14","Bleaching","2014","2014 Bleach","Lilipuna",21,"Bleaching-2014-21","Wall_qPCR_plate1.txt",0,30.6839,NA,0.0364867099092262,0,2,0,FALSE,NA,1,"D","D"
"15","Bleaching","2014","2014 Bleach","Lilipuna",22,"Bleaching-2014-22","Wall_qPCR_plate1.txt",0,31.6823,NA,0.273508902962955,0,2,0,FALSE,NA,1,"D","D"
"16","Bleaching","2014","2014 Bleach","Lilipuna",23,"Bleaching-2014-23","Wall_qPCR_plate1.txt",0,25.839,NA,0.13081475451951,0,2,0,FALSE,NA,1,"D","D"
"17","Bleaching","2014","2014 Bleach","Lilipuna",24,"Bleaching-2014-24","Wall_qPCR_plate1.txt",33.14963,31.22265,0.559038621206088,0.0185969083452081,2,2,0.02390719004,FALSE,0.0233489815019914,0.976651018498009,"DC","D"
"18","Bleaching","2014","2014 Bleach","Lilipuna",25,"Bleaching-2014-25","Wall_qPCR_plate1.txt",0,30.0277,NA,0.490307842074752,0,2,0,FALSE,NA,1,"D","D"
"19","Bleaching","2014","2014 Bleach","Lilipuna",26,"Bleaching-2014-26","Wall_qPCR_plate1.txt",26.53383,30.94205,0.454952503015425,0.160159685938752,2,2,1.93025089425184,FALSE,0.658732294234033,0.341267705765967,"CD","C"
"20","Bleaching","2014","2014 Bleach","Lilipuna",27,"Bleaching-2014-27","Wall_qPCR_plate1.txt",37.07393,29.38265,NA,0.199050558904011,1,2,0,FALSE,NA,1,"D","D"
"163","Bleaching","2014","2014 Bleach","Lilipuna",28,"Bleaching-2014-28","Wall_qPCR_plate2.txt",0,30.87655,NA,0.57862547904495,0,2,0,FALSE,NA,1,"D","D"
"21","Bleaching","2014","2014 Bleach","Lilipuna",29,"Bleaching-2014-29","Wall_qPCR_plate1.txt",29.48083,0,0.350866384824764,NA,2,0,1,FALSE,1,NA,"C","C"
"22","Bleaching","2014","2014 Bleach","Lilipuna",3,"Bleaching-2014-3","Wall_qPCR_plate1.txt",0,27.2525,NA,0.0786302740679442,0,2,0,FALSE,NA,1,"D","D"
"164","Bleaching","2014","2014 Bleach","Lilipuna",30,"Bleaching-2014-30","Wall_qPCR_plate2.txt",29.99058,34.6213,0.404535789516823,0.681933779776305,2,2,2.25212730665115,FALSE,0.692508962378308,0.307491037621692,"CD","C"
"23","Bleaching","2014","2014 Bleach","Lilipuna",31,"Bleaching-2014-31","Wall_qPCR_plate1.txt",0,30.6964,NA,0.275630223306517,0,2,0,FALSE,NA,1,"D","D"
"24","Bleaching","2014","2014 Bleach","Lilipuna",32,"Bleaching-2014-32","Wall_qPCR_plate1.txt",30.28178,0,0.0249608693758847,NA,2,0,1,FALSE,1,NA,"C","C"
"25","Bleaching","2014","2014 Bleach","Lilipuna",33,"Bleaching-2014-33","Wall_qPCR_plate1.txt",32.10143,31.17915,0.260922402257836,0.699116474559141,2,2,0.0479704033806089,FALSE,0.045774578390633,0.954225421609367,"DC","D"
"26","Bleaching","2014","2014 Bleach","Lilipuna",34,"Bleaching-2014-34","Wall_qPCR_plate1.txt",27.70168,0,0.0490024999362266,NA,2,0,1,FALSE,1,NA,"C","C"
"27","Bleaching","2014","2014 Bleach","Lilipuna",35,"Bleaching-2014-35","Wall_qPCR_plate1.txt",0,30.1085,NA,0.191060252276605,0,2,0,FALSE,NA,1,"D","D"
"28","Bleaching","2014","2014 Bleach","Lilipuna",4,"Bleaching-2014-4","Wall_qPCR_plate1.txt",29.98768,0,0.576362737345153,NA,2,0,1,FALSE,1,NA,"C","C"
"29","Bleaching","2014","2014 Bleach","Lilipuna",41,"Bleaching-2014-41","Wall_qPCR_plate1.txt",0,26.62835,NA,0.113773481092917,0,2,0,FALSE,NA,1,"D","D"
"30","Bleaching","2014","2014 Bleach","Lilipuna",42,"Bleaching-2014-42","Wall_qPCR_plate1.txt",28.48048,37.3349,0.00700035713374558,NA,2,1,1,FALSE,1,NA,"C","C"
"31","Bleaching","2014","2014 Bleach","Lilipuna",43,"Bleaching-2014-43","Wall_qPCR_plate1.txt",0,29.63925,NA,1.5074809468116,0,2,0,FALSE,NA,1,"D","D"
"32","Bleaching","2014","2014 Bleach","Lilipuna",44,"Bleaching-2014-44","Wall_qPCR_plate1.txt",0,26.87355,NA,0.0560735677480932,0,2,0,FALSE,NA,1,"D","D"
"165","Bleaching","2014","2014 Bleach","Lilipuna",45,"Bleaching-2014-45","Wall_qPCR_plate2.txt",28.75988,0,0.303843783875857,NA,2,0,1,FALSE,1,NA,"C","C"
"166","Bleaching","2014","2014 Bleach","Reef 14",46,"Bleaching-2014-46","Wall_qPCR_plate2.txt",0,31.0717,NA,0.271246161263161,0,2,0,FALSE,NA,1,"D","D"
"167","Bleaching","2014","2014 Bleach","Reef 14",47,"Bleaching-2014-47","Wall_qPCR_plate2.txt",28.81388,33.16095,0.0365574205873447,0.593757564162344,2,2,1.85014504995607,FALSE,0.649140663905715,0.350859336094285,"CD","C"
"33","Bleaching","2014","2014 Bleach","Reef 14",48,"Bleaching-2014-48","Wall_qPCR_plate1.txt",0,26.5426,NA,0.293449314192417,0,2,0,FALSE,NA,1,"D","D"
"34","Bleaching","2014","2014 Bleach","Reef 14",49,"Bleaching-2014-49","Wall_qPCR_plate1.txt",27.46778,36.566,0.505369216514026,NA,2,1,1,FALSE,1,NA,"C","C"
"35","Bleaching","2014","2014 Bleach","Lilipuna",5,"Bleaching-2014-5","Wall_qPCR_plate1.txt",25.64033,0,0.287509617230448,NA,2,0,1,FALSE,1,NA,"C","C"
"168","Bleaching","2014","2014 Bleach","Reef 14",50,"Bleaching-2014-50","Wall_qPCR_plate2.txt",28.90228,27.81585,0.241194123062732,0.265094332266837,2,2,0.0428113868374795,FALSE,0.0410538160379252,0.958946183962075,"DC","D"
"169","Bleaching","2014","2014 Bleach","Reef 14",51,"Bleaching-2014-51","Wall_qPCR_plate2.txt",27.95623,0,0.51830927060974,NA,2,0,1,FALSE,1,NA,"C","C"
"170","Bleaching","2014","2014 Bleach","Reef 14",52,"Bleaching-2014-52","Wall_qPCR_plate2.txt",31.94833,29.5415,0.374059487247681,0.420304270737284,2,2,0.0171427025813243,FALSE,0.0168537831887495,0.98314621681125,"DC","D"
"128","Bleaching","2014","2014 Bleach","Reef 14",53,"Bleaching-2014-53","Wall_qPCR_plate12.txt",27.78813,35.8336,0.0140007142674912,0.615890006413484,2,2,24.0179045224615,FALSE,0.960028626734018,0.0399713732659817,"CD","C"
"172","Bleaching","2014","2014 Bleach","Reef 14",54,"Bleaching-2014-54","Wall_qPCR_plate2.txt",27.35613,0,0.00905096679918932,NA,2,0,1,FALSE,1,NA,"C","C"
"173","Bleaching","2014","2014 Bleach","Reef 14",55,"Bleaching-2014-55","Wall_qPCR_plate2.txt",29.78233,0,0.518167849253503,NA,2,0,1,FALSE,1,NA,"C","C"
"36","Bleaching","2014","2014 Bleach","Reef 14",56,"Bleaching-2014-56","Wall_qPCR_plate1.txt",25.72898,36.826,0.630527116784045,NA,2,1,1,FALSE,1,NA,"C","C"
"174","Bleaching","2014","2014 Bleach","Reef 14",57,"Bleaching-2014-57","Wall_qPCR_plate2.txt",25.73968,0,0.118723228561221,NA,2,0,1,FALSE,1,NA,"C","C"
"175","Bleaching","2014","2014 Bleach","Reef 14",58,"Bleaching-2014-58","Wall_qPCR_plate2.txt",0,28.3534,NA,0.0697207286249944,0,2,0,FALSE,NA,1,"D","D"
"176","Bleaching","2014","2014 Bleach","Reef 14",59,"Bleaching-2014-59","Wall_qPCR_plate2.txt",26.21763,38.4127,0.108328758877778,NA,2,1,1,FALSE,1,NA,"C","C"
"129","Bleaching","2014","2014 Bleach","Lilipuna",6,"Bleaching-2014-6","Wall_qPCR_plate12.txt",26.21803,0,0.18554481938335,NA,2,0,1,FALSE,1,NA,"C","C"
"177","Bleaching","2014","2014 Bleach","Reef 14",60,"Bleaching-2014-60","Wall_qPCR_plate2.txt",29.08933,31.14435,0.349452171262394,0.341886128703695,2,2,0.377772183651876,FALSE,0.274190601417548,0.725809398582452,"DC","D"
"178","Bleaching","2014","2014 Bleach","Reef 14",61,"Bleaching-2014-61","Wall_qPCR_plate2.txt",36.97903,29.4441,NA,0.393009948983484,1,2,0,FALSE,NA,1,"D","D"
"179","Bleaching","2014","2014 Bleach","Reef 14",62,"Bleaching-2014-62","Wall_qPCR_plate2.txt",29.37193,28.59415,0.669205857714946,0.293520024870535,2,2,0.0530239655791475,FALSE,0.0503539969766834,0.949646003023317,"DC","D"
"180","Bleaching","2014","2014 Bleach","Reef 14",63,"Bleaching-2014-63","Wall_qPCR_plate2.txt",0,27.2604,NA,0.287651038586688,0,2,0,FALSE,NA,1,"D","D"
"181","Bleaching","2014","2014 Bleach","Reef 14",64,"Bleaching-2014-64","Wall_qPCR_plate2.txt",0,29.88045,NA,1.30878394129818,0,2,0,FALSE,NA,1,"D","D"
"38","Bleaching","2014","2014 Bleach","Reef 14",65,"Bleaching-2014-65","Wall_qPCR_plate1.txt",25.25548,36.3199,0.0811051478020964,NA,2,1,1,FALSE,1,NA,"C","C"
"39","Bleaching","2014","2014 Bleach","Reef 14",66,"Bleaching-2014-66","Wall_qPCR_plate1.txt",27.40923,37.7118,3.008880775305,NA,2,1,1,FALSE,1,NA,"C","C"
"182","Bleaching","2014","2014 Bleach","Reef 14",67,"Bleaching-2014-67","Wall_qPCR_plate2.txt",33.19338,28.22055,1.17570644507887,0.319541554418202,2,2,0.00289491836578392,FALSE,0.00288656200442334,0.997113437995577,"DC","D"
"183","Bleaching","2014","2014 Bleach","Reef 14",68,"Bleaching-2014-68","Wall_qPCR_plate2.txt",25.84283,0,0.776968931167779,NA,2,0,1,FALSE,1,NA,"C","C"
"184","Bleaching","2014","2014 Bleach","Reef 14",69,"Bleaching-2014-69","Wall_qPCR_plate2.txt",32.52043,26.32435,0.193322993976404,0.215314014871304,2,2,0.00123994202396864,FALSE,0.00123840647174157,0.998761593528258,"DC","D"
"40","Bleaching","2014","2014 Bleach","Lilipuna",7,"Bleaching-2014-7","Wall_qPCR_plate1.txt",26.96918,36.856,0.614546503529228,NA,2,1,1,FALSE,1,NA,"C","C"
"185","Bleaching","2014","2014 Bleach","Reef 14",70,"Bleaching-2014-70","Wall_qPCR_plate2.txt",25.44678,0,0.382049793875091,NA,2,0,1,FALSE,1,NA,"C","C"
"186","Bleaching","2014","2014 Bleach","Reef 14",71,"Bleaching-2014-71","Wall_qPCR_plate2.txt",36.75348,28.3622,0.00332340187157656,0.110025815152627,2,2,0.000270757398614436,FALSE,0.000270684108889267,0.999729315891111,"DC","D"
"187","Bleaching","2014","2014 Bleach","Reef 14",72,"Bleaching-2014-72","Wall_qPCR_plate2.txt",27.14363,30.4837,0.772726290480659,0.41790010768125,2,2,0.920594916620541,FALSE,0.479327998139457,0.520672001860543,"DC","D"
"41","Bleaching","2014","2014 Bleach","Reef 14",73,"Bleaching-2014-73","Wall_qPCR_plate1.txt",24.10978,36.08,0.249679404436971,NA,2,1,1,FALSE,1,NA,"C","C"
"42","Bleaching","2014","2014 Bleach","Reef 14",75,"Bleaching-2014-75","Wall_qPCR_plate1.txt",25.19643,37.0638,0.585767257534937,NA,2,1,1,FALSE,1,NA,"C","C"
"188","Bleaching","2014","2014 Bleach","Reef 14",76,"Bleaching-2014-76","Wall_qPCR_plate2.txt",26.48823,0,0.0823072293301132,NA,2,0,1,FALSE,1,NA,"C","C"
"43","Bleaching","2014","2014 Bleach","Reef 14",77,"Bleaching-2014-77","Wall_qPCR_plate1.txt",26.38178,0,0.607758278429836,NA,2,0,1,FALSE,1,NA,"C","C"
"44","Bleaching","2014","2014 Bleach","Reef 14",78,"Bleaching-2014-78","Wall_qPCR_plate1.txt",25.60988,35.81555,0.245861027818562,1.1587358823304,2,2,107.354464682947,FALSE,0.99077103095912,0.00922896904087964,"CD","C"
"189","Bleaching","2014","2014 Bleach","Reef 14",79,"Bleaching-2014-79","Wall_qPCR_plate2.txt",28.23058,37.5726,0.574099995645359,NA,2,1,1,FALSE,1,NA,"C","C"
"45","Bleaching","2014","2014 Bleach","Lilipuna",8,"Bleaching-2014-8","Wall_qPCR_plate1.txt",33.71733,26.65155,NA,0.170766287656553,1,2,0,FALSE,NA,1,"D","D"
"132","Bleaching","2014","2014 Bleach","Reef 14",80,"Bleaching-2014-80","Wall_qPCR_plate12.txt",24.96878,31.0784,1.81054691322815,NA,2,1,1,FALSE,1,NA,"C","C"
"133","Bleaching","2014","2014 Bleach","Reef 14",81,"Bleaching-2014-81","Wall_qPCR_plate12.txt",35.74753,28.66365,NA,0.296489873351519,1,2,0,FALSE,NA,1,"D","D"
"192","Bleaching","2014","2014 Bleach","Reef 14",82,"Bleaching-2014-82","Wall_qPCR_plate2.txt",30.85213,34.3602,0.673024234333355,0.416061630050165,2,2,1.03428829955461,FALSE,0.50842759100618,0.49157240899382,"CD","C"
"193","Bleaching","2014","2014 Bleach","Reef 14",83,"Bleaching-2014-83","Wall_qPCR_plate2.txt",25.22618,37.00385,0.787787664919933,0.863023826438182,2,2,319.182641000736,FALSE,0.996876782586106,0.00312321741389378,"CD","C"
"46","Bleaching","2014","2014 Bleach","Reef 14",84,"Bleaching-2014-84","Wall_qPCR_plate1.txt",25.28543,27.5206,0.182433549546129,0.237163614409968,2,2,0.428016518625293,FALSE,0.29972798846706,0.70027201153294,"DC","D"
"134","Bleaching","2014","2014 Bleach","Reef 14",85,"Bleaching-2014-85","Wall_qPCR_plate12.txt",0,27.61065,NA,0.902197542115916,0,2,0,FALSE,NA,1,"D","D"
"135","Bleaching","2014","2014 Bleach","Lilipuna",9,"Bleaching-2014-9","Wall_qPCR_plate12.txt",35.16443,28.3513,NA,1.34915973850393,1,2,0,FALSE,NA,1,"D","D"
"200","Recovery","2015","2015 Bleach","Lilipuna",1,"Recovery-2015-1","Wall_qPCR_plate3.txt",37.08233,29.25335,NA,0.543977246766812,1,2,0,FALSE,NA,1,"D","D"
"201","Recovery","2015","2015 Bleach","Lilipuna",10,"Recovery-2015-10","Wall_qPCR_plate3.txt",29.60973,30.73785,0.22698127676088,0.957776135117177,2,2,0.198703388650604,FALSE,0.165765268148851,0.834234731851149,"DC","D"
"202","Recovery","2015","2015 Bleach","Lilipuna",11,"Recovery-2015-11","Wall_qPCR_plate3.txt",27.12763,36.0272,0.880489363933489,NA,2,1,1,FALSE,1,NA,"C","C"
"203","Recovery","2015","2015 Bleach","Lilipuna",12,"Recovery-2015-12","Wall_qPCR_plate3.txt",0,28.70305,NA,0.685964288429069,0,2,0,FALSE,NA,1,"D","D"
"204","Recovery","2015","2015 Bleach","Lilipuna",13,"Recovery-2015-13","Wall_qPCR_plate3.txt",35.75633,28.70875,0.538956788620387,0.0218495995386636,2,2,0.00068718605529024,FALSE,0.000686714154899023,0.999313285845101,"DC","D"
"205","Recovery","2015","2015 Bleach","Lilipuna",14,"Recovery-2015-14","Wall_qPCR_plate3.txt",25.61118,31.095,0.0536694046920595,0.173099740034468,2,2,4.06819372567539,FALSE,0.802691046529256,0.197308953470744,"CD","C"
"206","Recovery","2015","2015 Bleach","Lilipuna",15,"Recovery-2015-15","Wall_qPCR_plate3.txt",26.43918,32.58885,1.12182490835246,1.06865047840723,2,2,6.45420043496037,FALSE,0.865847449538655,0.134152550461345,"CD","C"
"207","Recovery","2015","2015 Bleach","Lilipuna",16,"Recovery-2015-16","Wall_qPCR_plate3.txt",0,28.2816,NA,0.00608111831820521,0,2,0,FALSE,NA,1,"D","D"
"247","Recovery","2015","2015 Bleach","Lilipuna",17,"Recovery-2015-17","Wall_qPCR_plate4.txt",33.08723,28.93205,0.390888628639927,0.72117820613216,2,2,0.0051023881991372,FALSE,0.00507648599689356,0.994923514003106,"DC","D"
"248","Recovery","2015","2015 Bleach","Lilipuna",18,"Recovery-2015-18","Wall_qPCR_plate4.txt",0,27.0279,NA,0.31437967491554,0,2,0,FALSE,NA,1,"D","D"
"208","Recovery","2015","2015 Bleach","Lilipuna",19,"Recovery-2015-19","Wall_qPCR_plate3.txt",25.08018,29.2226,0.199616244328962,0.0606697618258051,2,2,1.60546184791216,FALSE,0.61619088730801,0.38380911269199,"CD","C"
"249","Recovery","2015","2015 Bleach","Lilipuna",2,"Recovery-2015-2","Wall_qPCR_plate4.txt",0,27.42395,NA,0.022698127676088,0,2,0,FALSE,NA,1,"D","D"
"209","Recovery","2015","2015 Bleach","Lilipuna",20,"Recovery-2015-20","Wall_qPCR_plate3.txt",0,27.76915,NA,0.037971634149717,0,2,0,FALSE,NA,1,"D","D"
"210","Recovery","2015","2015 Bleach","Lilipuna",21,"Recovery-2015-21","Wall_qPCR_plate3.txt",34.83443,29.41905,NA,0.635901128321062,1,2,0,FALSE,NA,1,"D","D"
"211","Recovery","2015","2015 Bleach","Lilipuna",22,"Recovery-2015-22","Wall_qPCR_plate3.txt",34.34903,29.8171,1.20109157852347,0.0821658079738763,2,2,0.00392970949848604,FALSE,0.0039143273292003,0.9960856726708,"DC","D"
"212","Recovery","2015","2015 Bleach","Lilipuna",23,"Recovery-2015-23","Wall_qPCR_plate3.txt",0,29.9478,NA,0.813031377008292,0,2,0,FALSE,NA,1,"D","D"
"213","Recovery","2015","2015 Bleach","Lilipuna",24,"Recovery-2015-24","Wall_qPCR_plate3.txt",25.83118,36.2518,1.75793816870788,NA,2,1,1,FALSE,1,NA,"C","C"
"214","Recovery","2015","2015 Bleach","Lilipuna",25,"Recovery-2015-25","Wall_qPCR_plate3.txt",0,30.11315,NA,0.217435335214864,0,2,0,FALSE,NA,1,"D","D"
"215","Recovery","2015","2015 Bleach","Lilipuna",26,"Recovery-2015-26","Wall_qPCR_plate3.txt",35.58863,28.08985,NA,0.144744758108886,1,2,0,FALSE,NA,1,"D","D"
"216","Recovery","2015","2015 Bleach","Lilipuna",27,"Recovery-2015-27","Wall_qPCR_plate3.txt",25.43503,36.7478,0.252578542239836,1.78756594283959,2,2,231.254620567363,FALSE,0.995694380600235,0.00430561939976543,"CD","C"
"217","Recovery","2015","2015 Bleach","Lilipuna",28,"Recovery-2015-28","Wall_qPCR_plate3.txt",36.97033,28.4995,NA,0.476872813232209,1,2,0,FALSE,NA,1,"D","D"
"250","Recovery","2015","2015 Bleach","Lilipuna",3,"Recovery-2015-3","Wall_qPCR_plate4.txt",27.16103,36.1261,0.233486659147799,NA,2,1,1,FALSE,1,NA,"C","C"
"219","Recovery","2015","2015 Bleach","Lilipuna",30,"Recovery-2015-30","Wall_qPCR_plate3.txt",33.50813,27.5309,NA,0.198131320088471,1,2,0,FALSE,NA,1,"D","D"
"220","Recovery","2015","2015 Bleach","Lilipuna",31,"Recovery-2015-31","Wall_qPCR_plate3.txt",26.50563,39.6057,0.145239732855718,NA,2,1,1,FALSE,1,NA,"C","C"
"141","Recovery","2015","2015 Bleach","Lilipuna",32,"Recovery-2015-32","Wall_qPCR_plate12.txt",26.87223,28.46175,0.118652517883102,0.245153921037377,2,2,0.273590185290143,FALSE,0.214818069776358,0.785181930223642,"DC","D"
"222","Recovery","2015","2015 Bleach","Lilipuna",33,"Recovery-2015-33","Wall_qPCR_plate3.txt",29.06888,28.0934,0.37002897859492,0.421718484299656,2,2,0.0462336919129894,FALSE,0.0441905974452546,0.955809402554745,"DC","D"
"223","Recovery","2015","2015 Bleach","Lilipuna",34,"Recovery-2015-34","Wall_qPCR_plate3.txt",0,29.99705,NA,0.175291771056144,0,2,0,FALSE,NA,1,"D","D"
"224","Recovery","2015","2015 Bleach","Lilipuna",35,"Recovery-2015-35","Wall_qPCR_plate3.txt",0,29.1123,NA,0.389898679146263,0,2,0,FALSE,NA,1,"D","D"
"225","Recovery","2015","2015 Bleach","Lilipuna",36,"Recovery-2015-36","Wall_qPCR_plate3.txt",24.95143,0,0.212414877068439,NA,2,0,1,FALSE,1,NA,"C","C"
"226","Recovery","2015","2015 Bleach","Lilipuna",37,"Recovery-2015-37","Wall_qPCR_plate3.txt",25.05648,29.4986,0.11292495295549,0.0601040764008571,2,2,1.97614441448871,FALSE,0.663994799737635,0.336005200262365,"CD","C"
"227","Recovery","2015","2015 Bleach","Lilipuna",38,"Recovery-2015-38","Wall_qPCR_plate3.txt",37.46513,26.63025,NA,0.221677975901981,1,2,0,FALSE,NA,1,"D","D"
"68","Recovery","2015","2015 Bleach","Lilipuna",39,"Recovery-2015-39","Wall_qPCR_plate10.txt",27.04508,25.59305,0.109530840405795,0.504237845664128,2,2,0.0332278874110497,FALSE,0.0321593017531772,0.967840698246823,"DC","D"
"251","Recovery","2015","2015 Bleach","Lilipuna",4,"Recovery-2015-4","Wall_qPCR_plate4.txt",31.42438,27.2533,0.592484771956212,0.121198102295373,2,2,0.00504646331509116,FALSE,0.00502112439503113,0.994978875604969,"DC","D"
"229","Recovery","2015","2015 Bleach","Lilipuna",40,"Recovery-2015-40","Wall_qPCR_plate3.txt",36.88153,29.0949,NA,0.0671751442127212,1,2,0,FALSE,NA,1,"D","D"
"252","Recovery","2015","2015 Bleach","Reef 14",41,"Recovery-2015-41","Wall_qPCR_plate4.txt",28.68458,28.2701,0.0972271824131498,0.183282077683553,2,2,0.0682081707086333,FALSE,0.0638528824052947,0.936147117594705,"DC","D"
"253","Recovery","2015","2015 Bleach","Reef 14",42,"Recovery-2015-42","Wall_qPCR_plate4.txt",28.25853,35.7901,0.315086781696727,NA,2,1,1,FALSE,1,NA,"C","C"
"254","Recovery","2015","2015 Bleach","Reef 14",43,"Recovery-2015-43","Wall_qPCR_plate4.txt",0,30.4651,NA,0.365574205873445,0,2,0,FALSE,NA,1,"D","D"
"255","Recovery","2015","2015 Bleach","Reef 14",44,"Recovery-2015-44","Wall_qPCR_plate4.txt",0,27.39315,NA,0.0415071680556491,0,2,0,FALSE,NA,1,"D","D"
"256","Recovery","2015","2015 Bleach","Reef 14",45,"Recovery-2015-45","Wall_qPCR_plate4.txt",28.74908,28.80355,0.283479108577687,0.278246518396906,2,2,0.0944070481630843,FALSE,0.0862631945961446,0.913736805403855,"DC","D"
"257","Recovery","2015","2015 Bleach","Reef 14",46,"Recovery-2015-46","Wall_qPCR_plate4.txt",26.25863,27.7225,0.000989949493661371,0.145239732855715,2,2,0.250770297165355,FALSE,0.20049268657377,0.79950731342623,"DC","D"
"258","Recovery","2015","2015 Bleach","Reef 14",47,"Recovery-2015-47","Wall_qPCR_plate4.txt",29.60573,35.8044,0.0210717820793577,NA,2,1,1,FALSE,1,NA,"C","C"
"259","Recovery","2015","2015 Bleach","Reef 14",48,"Recovery-2015-48","Wall_qPCR_plate4.txt",35.07583,28.9519,2.76860589105781,0.580110403285446,2,2,0.00130352898800618,FALSE,0.00130183201224071,0.998698167987759,"DC","D"
"230","Recovery","2015","2015 Bleach","Reef 14",49,"Recovery-2015-49","Wall_qPCR_plate3.txt",26.52978,0,1.09877322728578,NA,2,0,1,FALSE,1,NA,"C","C"
"142","Recovery","2015","2015 Bleach","Lilipuna",5,"Recovery-2015-5","Wall_qPCR_plate12.txt",35.59593,30.4375,0.377595021153616,0.337855620050934,2,2,0.00254545342085031,FALSE,0.00253899053869808,0.997461009461302,"DC","D"
"260","Recovery","2015","2015 Bleach","Reef 14",50,"Recovery-2015-50","Wall_qPCR_plate4.txt",27.72608,39.0766,0.0405172185619902,NA,2,1,1,FALSE,1,NA,"C","C"
"261","Recovery","2015","2015 Bleach","Reef 14",51,"Recovery-2015-51","Wall_qPCR_plate4.txt",32.44533,27.55485,NA,0.400151727473469,1,2,0,FALSE,NA,1,"D","D"
"262","Recovery","2015","2015 Bleach","Reef 14",52,"Recovery-2015-52","Wall_qPCR_plate4.txt",24.75748,34.576,0.072902709140334,NA,2,1,1,FALSE,1,NA,"C","C"
"263","Recovery","2015","2015 Bleach","Reef 14",53,"Recovery-2015-53","Wall_qPCR_plate4.txt",27.22103,35.4829,0.0895197184982193,NA,2,1,1,FALSE,1,NA,"C","C"
"232","Recovery","2015","2015 Bleach","Reef 14",54,"Recovery-2015-54","Wall_qPCR_plate3.txt",36.92673,29.3265,NA,0.301651752854182,1,2,0,FALSE,NA,1,"D","D"
"264","Recovery","2015","2015 Bleach","Reef 14",55,"Recovery-2015-55","Wall_qPCR_plate4.txt",26.83943,0,0.472064487120139,NA,2,0,1,FALSE,1,NA,"C","C"
"265","Recovery","2015","2015 Bleach","Reef 14",56,"Recovery-2015-56","Wall_qPCR_plate4.txt",26.62378,0,0.181938574799299,NA,2,0,1,FALSE,1,NA,"C","C"
"69","Recovery","2015","2015 Bleach","Reef 14",57,"Recovery-2015-57","Wall_qPCR_plate10.txt",28.03143,27.44265,0.05727564927611,0.204000306372318,2,2,0.0604459035724462,FALSE,0.0570004593056705,0.942999540694329,"DC","D"
"266","Recovery","2015","2015 Bleach","Reef 14",58,"Recovery-2015-58","Wall_qPCR_plate4.txt",27.24258,0,0.10882373362461,NA,2,0,1,FALSE,1,NA,"C","C"
"267","Recovery","2015","2015 Bleach","Reef 14",59,"Recovery-2015-59","Wall_qPCR_plate4.txt",34.10098,27.20625,1.94942268505319,0.0368402632998187,2,2,0.000763988414621706,FALSE,0.000763405181907067,0.999236594818093,"DC","D"
"234","Recovery","2015","2015 Bleach","Lilipuna",6,"Recovery-2015-6","Wall_qPCR_plate3.txt",34.87853,28.056,0.214253354699522,0.296843426742112,2,2,0.000803195263096021,FALSE,0.000802550658208953,0.999197449341791,"DC","D"
"268","Recovery","2015","2015 Bleach","Reef 14",60,"Recovery-2015-60","Wall_qPCR_plate4.txt",26.58303,35.3547,0.655205143447453,0.0189504617358005,2,2,39.7322442790774,FALSE,0.975449425444164,0.0245505745558357,"CD","C"
"235","Recovery","2015","2015 Bleach","Reef 14",61,"Recovery-2015-61","Wall_qPCR_plate3.txt",27.33293,32.3707,0.14241130573097,0.297833376235773,2,2,2.98625710535202,FALSE,0.749138107861286,0.250861892138714,"CD","C"
"236","Recovery","2015","2015 Bleach","Reef 14",62,"Recovery-2015-62","Wall_qPCR_plate3.txt",27.35723,34.469,0.312965461353168,0.908915056537185,2,2,12.5737090602638,FALSE,0.926328168994911,0.0736718310050889,"CD","C"
"269","Recovery","2015","2015 Bleach","Reef 14",63,"Recovery-2015-63","Wall_qPCR_plate4.txt",37.43143,29.56315,NA,0.231436049482358,1,2,0,FALSE,NA,1,"D","D"
"237","Recovery","2015","2015 Bleach","Reef 14",64,"Recovery-2015-64","Wall_qPCR_plate3.txt",25.36743,30.44255,0.493984797336921,0.485428805284564,2,2,3.06457790751025,FALSE,0.753971993462773,0.246028006537227,"CD","C"
"238","Recovery","2015","2015 Bleach","Reef 14",65,"Recovery-2015-65","Wall_qPCR_plate3.txt",27.65323,0,0.728461405978379,NA,2,0,1,FALSE,1,NA,"C","C"
"270","Recovery","2015","2015 Bleach","Reef 14",66,"Recovery-2015-66","Wall_qPCR_plate4.txt",26.66193,28.32155,0.41521310191274,0.0839335749268435,2,2,0.287212089309638,FALSE,0.223127246624662,0.776872753375338,"DC","D"
"239","Recovery","2015","2015 Bleach","Reef 14",67,"Recovery-2015-67","Wall_qPCR_plate3.txt",34.30248,28.54125,0.26226590514209,0.518097138575382,2,2,0.00167611677612748,FALSE,0.00167331210962883,0.998326687890371,"DC","D"
"271","Recovery","2015","2015 Bleach","Reef 14",68,"Recovery-2015-68","Wall_qPCR_plate4.txt",24.72558,0,0.126077139085562,NA,2,0,1,FALSE,1,NA,"C","C"
"272","Recovery","2015","2015 Bleach","Reef 14",69,"Recovery-2015-69","Wall_qPCR_plate4.txt",31.59123,29.3345,0.720683231385333,0.644739963085896,2,2,0.0190223379352713,FALSE,0.0186672433244339,0.981332756675566,"DC","D"
"240","Recovery","2015","2015 Bleach","Lilipuna",7,"Recovery-2015-7","Wall_qPCR_plate3.txt",27.03088,34.09055,0.390959339318043,0.0714884955779617,2,2,12.1277362732645,FALSE,0.92382540453402,0.0761745954659805,"CD","C"
"273","Recovery","2015","2015 Bleach","Reef 14",70,"Recovery-2015-70","Wall_qPCR_plate4.txt",30.12013,27.21645,0.689570533013119,0.00784888527117248,2,2,0.012148216889315,FALSE,0.0120024090213296,0.98799759097867,"DC","D"
"274","Recovery","2015","2015 Bleach","Reef 14",71,"Recovery-2015-71","Wall_qPCR_plate4.txt",25.06703,0,0.391454314064875,NA,2,0,1,FALSE,1,NA,"C","C"
"241","Recovery","2015","2015 Bleach","Reef 14",72,"Recovery-2015-72","Wall_qPCR_plate3.txt",35.70393,27.40195,NA,0.27386245635355,1,2,0,FALSE,NA,1,"D","D"
"275","Recovery","2015","2015 Bleach","Reef 14",73,"Recovery-2015-73","Wall_qPCR_plate4.txt",33.40503,26.3363,NA,0.137461558262664,1,2,0,FALSE,NA,1,"D","D"
"276","Recovery","2015","2015 Bleach","Reef 14",74,"Recovery-2015-74","Wall_qPCR_plate4.txt",27.63038,34.7658,0.645800623257674,NA,2,1,1,FALSE,1,NA,"C","C"
"277","Recovery","2015","2015 Bleach","Reef 14",75,"Recovery-2015-75","Wall_qPCR_plate4.txt",30.02308,27.0103,0.23977990950036,0.10564175310927,2,2,0.0112634170368614,FALSE,0.0111379654866432,0.988862034513357,"DC","D"
"278","Recovery","2015","2015 Bleach","Reef 14",76,"Recovery-2015-76","Wall_qPCR_plate4.txt",36.55563,27.4672,NA,0.0151320851173945,1,2,0,FALSE,NA,1,"D","D"
"279","Recovery","2015","2015 Bleach","Reef 14",77,"Recovery-2015-77","Wall_qPCR_plate4.txt",25.67773,0,0.0103237590053221,NA,2,0,1,FALSE,1,NA,"C","C"
"242","Recovery","2015","2015 Bleach","Reef 14",78,"Recovery-2015-78","Wall_qPCR_plate3.txt",0,29.78775,NA,0.451487679787611,0,2,0,FALSE,NA,1,"D","D"
"280","Recovery","2015","2015 Bleach","Reef 14",79,"Recovery-2015-79","Wall_qPCR_plate4.txt",29.30243,28.39145,0.472771593901327,0.962584461229247,2,2,0.0483476099125071,FALSE,0.0461179187660304,0.95388208123397,"DC","D"
"243","Recovery","2015","2015 Bleach","Lilipuna",8,"Recovery-2015-8","Wall_qPCR_plate3.txt",34.28013,27.77795,NA,0.419102189209267,1,2,0,FALSE,NA,1,"D","D"
"244","Recovery","2015","2015 Bleach","Reef 14",80,"Recovery-2015-80","Wall_qPCR_plate3.txt",26.20963,39.4807,0.688722004875697,NA,2,1,1,FALSE,1,NA,"C","C"
"245","Recovery","2015","2015 Bleach","Lilipuna",9,"Recovery-2015-9","Wall_qPCR_plate3.txt",35.60233,29.6732,1.17620141982571,0.0592555482634328,2,2,0.00149197428072107,FALSE,0.00148975160963483,0.998510248390365,"DC","D"
"283","Bleaching","2015","2015 Recover","Lilipuna",1,"Bleaching-2015-1","Wall_qPCR_plate5.txt",32.36783,27.9076,1.95147329471863,0.783898577623406,2,2,0.00412994527811836,FALSE,0.00411295898258912,0.995887041017411,"DC","D"
"49","Bleaching","2015","2015 Recover","Lilipuna",10,"Bleaching-2015-10","Wall_qPCR_plate10.txt",24.56813,26.8799,0.163341666454091,0.321875006796117,2,2,0.451356216054263,FALSE,0.310989274074524,0.689010725925476,"DC","D"
"50","Bleaching","2015","2015 Recover","Lilipuna",11,"Bleaching-2015-11","Wall_qPCR_plate10.txt",23.53878,34.1606,0.26071027022348,2.33896781080886,2,2,143.249707343704,FALSE,0.993067576923277,0.00693242307672278,"CD","C"
"285","Bleaching","2015","2015 Recover","Lilipuna",12,"Bleaching-2015-12","Wall_qPCR_plate5.txt",28.94313,36.3784,0.510672517372925,0.423698383286977,2,2,15.7342704461286,FALSE,0.940242390415571,0.0597576095844291,"CD","C"
"286","Bleaching","2015","2015 Recover","Lilipuna",13,"Bleaching-2015-13","Wall_qPCR_plate5.txt",29.73278,0,0.186181215486419,NA,2,0,1,FALSE,1,NA,"C","C"
"287","Bleaching","2015","2015 Recover","Lilipuna",14,"Bleaching-2015-14","Wall_qPCR_plate5.txt",33.17803,31.089875,0.757958165072452,0.855759395215734,4,4,0.0213801143782755,FALSE,0.0209325735613032,0.979067426438697,"DC","D"
"51","Bleaching","2015","2015 Recover","Lilipuna",15,"Bleaching-2015-15","Wall_qPCR_plate10.txt",22.63708,29.3945,0.057770624022942,0.345633794643985,2,2,9.83543172879921,FALSE,0.907710184049047,0.0922898159509534,"CD","C"
"288","Bleaching","2015","2015 Recover","Lilipuna",16,"Bleaching-2015-16","Wall_qPCR_plate5.txt",35.58828,34.3448,0.940522729656228,0.685752156394713,2,2,0.0383956952367915,FALSE,0.0369759768967801,0.96302402310322,"DC","D"
"289","Bleaching","2015","2015 Recover","Lilipuna",17,"Bleaching-2015-17","Wall_qPCR_plate5.txt",32.81518,30.79695,0.506783430076401,0.746068364829926,2,2,0.0224418960650459,FALSE,0.0219493118889351,0.978050688111065,"DC","D"
"290","Bleaching","2015","2015 Recover","Lilipuna",18,"Bleaching-2015-18","Wall_qPCR_plate5.txt",27.549305,29.62295,2.93313882087091,1.18348461967192,4,2,0.382680788553529,FALSE,0.276767271029971,0.723232728970029,"DC","D"
"52","Bleaching","2015","2015 Recover","Lilipuna",19,"Bleaching-2015-19","Wall_qPCR_plate10.txt",22.57813,28.0241,0.159947553904396,0.245790317140444,2,2,3.96285005840156,FALSE,0.798502878742607,0.201497121257393,"CD","C"
"291","Bleaching","2015","2015 Recover","Lilipuna",2,"Bleaching-2015-2","Wall_qPCR_plate5.txt",27.81163,31.6111,0.223021478786237,0.138451507756325,2,2,1.26579026852227,FALSE,0.558652884208832,0.441347115791168,"CD","C"
"292","Bleaching","2015","2015 Recover","Lilipuna",20,"Bleaching-2015-20","Wall_qPCR_plate5.txt",26.03478,31.5816,0.485428805284564,0.343512474300426,2,2,4.2497806561004,FALSE,0.809515851135995,0.190484148864005,"CD","C"
"319","Bleaching","2015","2015 Recover","Lilipuna",21,"Bleaching-2015-21","Wall_qPCR_plate6.txt",34.49948,30.2867,0.69232824945975,0.186817611589488,2,2,0.00490268702303945,FALSE,0.00487876795071904,0.995121232049281,"DC","D"
"452","Bleaching","2015","2015 Recover","Lilipuna",22,"Bleaching-2015-22","Wall_qPCR_plate9.txt",31.49473,37.75945,1.75489760954877,2.5600801012859,2,2,6.9899802599422,FALSE,0.874843245231343,0.125156754768657,"CD","C"
"321","Bleaching","2015","2015 Recover","Lilipuna",23,"Bleaching-2015-23","Wall_qPCR_plate6.txt",35.11438,32.086,0.501692261251854,0.561301362905882,2,2,0.0111422807364887,FALSE,0.0110194983918316,0.988980501608168,"DC","D"
"322","Bleaching","2015","2015 Recover","Lilipuna",24,"Bleaching-2015-24","Wall_qPCR_plate6.txt",27.84053,34.02865,0.0770746391493324,0.258447528523681,2,2,6.62852733540354,FALSE,0.86891309999519,0.13108690000481,"CD","C"
"323","Bleaching","2015","2015 Recover","Lilipuna",25,"Bleaching-2015-25","Wall_qPCR_plate6.txt",35.34343,32.89205,NA,0.0543765114732469,1,2,0,FALSE,NA,1,"D","D"
"324","Bleaching","2015","2015 Recover","Lilipuna",26,"Bleaching-2015-26","Wall_qPCR_plate6.txt",26.11858,34.6139,1.88366175440285,NA,2,1,1,FALSE,1,NA,"C","C"
"325","Bleaching","2015","2015 Recover","Lilipuna",27,"Bleaching-2015-27","Wall_qPCR_plate6.txt",28.11088,0,0.662064079224964,NA,2,0,1,FALSE,1,NA,"C","C"
"326","Bleaching","2015","2015 Recover","Lilipuna",28,"Bleaching-2015-28","Wall_qPCR_plate6.txt",25.99268,0,0.0372645273685296,NA,2,0,1,FALSE,1,NA,"C","C"
"327","Bleaching","2015","2015 Recover","Lilipuna",29,"Bleaching-2015-29","Wall_qPCR_plate6.txt",25.94143,36.3623,0.643042906811047,0.125016478913782,2,2,124.624022744599,FALSE,0.992039739070981,0.00796026092901878,"CD","C"
"293","Bleaching","2015","2015 Recover","Lilipuna",3,"Bleaching-2015-3","Wall_qPCR_plate5.txt",32.58888,29.31115,0.245012499681138,0.3017224635323,2,2,0.00937372626957156,FALSE,0.00928667551533647,0.990713324484663,"DC","D"
"453","Bleaching","2015","2015 Recover","Lilipuna",30,"Bleaching-2015-30","Wall_qPCR_plate9.txt",33.03133,35.5152,0.814869854639377,0.394848426614572,2,2,0.508541840121148,FALSE,0.337108210455938,0.662891789544062,"DC","D"
"329","Bleaching","2015","2015 Recover","Lilipuna",31,"Bleaching-2015-31","Wall_qPCR_plate6.txt",33.33378,30.73575,0.288146013333517,0.362250804001868,2,2,0.0150148969259572,FALSE,0.0147927847871306,0.985207215212869,"DC","D"
"330","Bleaching","2015","2015 Recover","Lilipuna",32,"Bleaching-2015-32","Wall_qPCR_plate6.txt",29.00568,27.99875,0.224082138958017,0.162422427638551,2,2,0.0452367276564724,FALSE,0.0432789304657307,0.956721069534269,"DC","D"
"331","Bleaching","2015","2015 Recover","Lilipuna",33,"Bleaching-2015-33","Wall_qPCR_plate6.txt",29.29088,30.26935,0.743947044486366,0.925814908607547,2,2,0.179124971662054,FALSE,0.15191347479442,0.84808652520558,"DC","D"
"332","Bleaching","2015","2015 Recover","Lilipuna",34,"Bleaching-2015-34","Wall_qPCR_plate6.txt",30.62448,31.3711,0.51456160466945,0.17239263325328,2,2,0.15253247956638,FALSE,0.132345493312057,0.867654506687944,"DC","D"
"333","Bleaching","2015","2015 Recover","Lilipuna",35,"Bleaching-2015-35","Wall_qPCR_plate6.txt",28.96448,29.24295,0.503672160239177,0.51781429586291,2,2,0.110264354076153,FALSE,0.0993136037118865,0.900686396288113,"DC","D"
"334","Bleaching","2015","2015 Recover","Lilipuna",36,"Bleaching-2015-36","Wall_qPCR_plate6.txt",26.26103,35.5457,0.856589154729384,NA,2,1,1,FALSE,1,NA,"C","C"
"335","Bleaching","2015","2015 Recover","Lilipuna",37,"Bleaching-2015-37","Wall_qPCR_plate6.txt",32.82378,37.62215,0.0225567063198511,0.0327390439689387,2,2,2.5296510390196,FALSE,0.716685873774717,0.283314126225283,"CD","C"
"336","Bleaching","2015","2015 Recover","Lilipuna",38,"Bleaching-2015-38","Wall_qPCR_plate6.txt",33.00653,29.79405,0.221890107936339,0.261134534292191,2,2,0.00980741322830187,FALSE,0.00971216204181754,0.990287837958182,"DC","D"
"337","Bleaching","2015","2015 Recover","Lilipuna",39,"Bleaching-2015-39","Wall_qPCR_plate6.txt",30.18463,28.05375,0.0885297690045554,0.116884750930135,2,2,0.0207562320651397,FALSE,0.0203341712870533,0.979665828712947,"DC","D"
"294","Bleaching","2015","2015 Recover","Lilipuna",4,"Bleaching-2015-4","Wall_qPCR_plate5.txt",24.74798,35.57995,0.451487679787611,0.190989541598491,2,2,165.712472406646,FALSE,0.99400164855356,0.00599835144644005,"CD","C"
"338","Bleaching","2015","2015 Recover","Lilipuna",40,"Bleaching-2015-40","Wall_qPCR_plate6.txt",25.20963,36.17195,0.816849753626698,0.0014849242404908,2,2,181.382113012786,FALSE,0.994517006171927,0.00548299382807291,"CD","C"
"295","Bleaching","2015","2015 Recover","Reef 14",41,"Bleaching-2015-41","Wall_qPCR_plate5.txt",30.63953,28.3176,0.527077394696455,0.616031427769719,2,2,0.0181817941723167,FALSE,0.0178571196974669,0.982142880302533,"DC","D"
"296","Bleaching","2015","2015 Recover","Reef 14",42,"Bleaching-2015-42","Wall_qPCR_plate5.txt",26.070205,37.1392,0.290385380428608,0.99638672211145,4,4,195.302063394681,FALSE,0.994905810042407,0.00509418995759316,"CD","C"
"53","Bleaching","2015","2015 Recover","Reef 14",43,"Bleaching-2015-43","Wall_qPCR_plate10.txt",31.57198,29.9654,1.16962532676067,0.348320800412493,2,2,0.0298523513472901,FALSE,0.0289870206231371,0.971012979376863,"DC","D"
"297","Bleaching","2015","2015 Recover","Reef 14",44,"Bleaching-2015-44","Wall_qPCR_plate5.txt",26.80393,0,0.321592164083643,NA,2,0,1,FALSE,1,NA,"C","C"
"455","Bleaching","2015","2015 Recover","Reef 14",45,"Bleaching-2015-45","Wall_qPCR_plate9.txt",27.18808,35.841,0.464357023205206,0.159664711191922,2,2,36.5928120415478,FALSE,0.973399170062224,0.0266008299377763,"CD","C"
"298","Bleaching","2015","2015 Recover","Reef 14",46,"Bleaching-2015-46","Wall_qPCR_plate5.txt",28.89583,28.18075,1.95012492420357,0.743381359061416,4,2,0.0553792137516946,FALSE,0.0524732845124274,0.947526715487573,"DC","D"
"54","Bleaching","2015","2015 Recover","Reef 14",47,"Bleaching-2015-47","Wall_qPCR_plate10.txt",27.33848,33.6715,0.355179736190004,NA,2,1,1,FALSE,1,NA,"C","C"
"299","Bleaching","2015","2015 Recover","Reef 14",48,"Bleaching-2015-48","Wall_qPCR_plate5.txt",28.20508,0,0.30582368286318,NA,2,0,1,FALSE,1,NA,"C","C"
"300","Bleaching","2015","2015 Recover","Reef 14",49,"Bleaching-2015-49","Wall_qPCR_plate5.txt",31.15358,29.65345,0.0334461507501236,0.00855599205235738,2,2,0.0321383212399029,FALSE,0.0311376107044406,0.968862389295559,"DC","D"
"301","Bleaching","2015","2015 Recover","Lilipuna",5,"Bleaching-2015-5","Wall_qPCR_plate5.txt",29.78643,37.8511,0.0776403245742829,NA,2,1,1,FALSE,1,NA,"C","C"
"302","Bleaching","2015","2015 Recover","Reef 14",50,"Bleaching-2015-50","Wall_qPCR_plate5.txt",30.681405,29.35505,0.530704006485725,0.348957196515562,4,2,0.0362522256809902,FALSE,0.0349839785937893,0.965016021406211,"DC","D"
"55","Bleaching","2015","2015 Recover","Reef 14",51,"Bleaching-2015-51","Wall_qPCR_plate10.txt",29.14248,27.51915,0.3657863379078,0.167796439175566,2,2,0.0295077633628216,FALSE,0.0286620115096912,0.971337988490309,"DC","D"
"303","Bleaching","2015","2015 Recover","Reef 14",52,"Bleaching-2015-52","Wall_qPCR_plate5.txt",31.90783,30.2758,0.206192337393999,0.0349310749906144,2,2,0.0293303557781422,FALSE,0.0284945990502431,0.971505400949757,"DC","D"
"304","Bleaching","2015","2015 Recover","Reef 14",53,"Bleaching-2015-53","Wall_qPCR_plate5.txt",32.58378,30.60195,0.297196980132704,0.222667925395642,2,2,0.0230153211090264,FALSE,0.0224975331592063,0.977502466840794,"DC","D"
"56","Bleaching","2015","2015 Recover","Reef 14",54,"Bleaching-2015-54","Wall_qPCR_plate10.txt",29.32523,28.09435,0.0263043722601411,0.360978011795733,2,2,0.038732498593539,FALSE,0.0372882321925842,0.962711767807416,"DC","D"
"57","Bleaching","2015","2015 Recover","Reef 14",55,"Bleaching-2015-55","Wall_qPCR_plate10.txt",24.66683,0,0.158533340342024,NA,2,0,1,FALSE,1,NA,"C","C"
"306","Bleaching","2015","2015 Recover","Reef 14",56,"Bleaching-2015-56","Wall_qPCR_plate5.txt",30.76833,37.3219,0.399515331370398,0.748118974495367,2,2,8.5394217548564,FALSE,0.895171843147525,0.104828156852475,"CD","C"
"307","Bleaching","2015","2015 Recover","Reef 14",57,"Bleaching-2015-57","Wall_qPCR_plate5.txt",31.01288,30.292,0.717784093582462,0.435577777210913,2,2,0.0551570221980927,FALSE,0.0522737574007612,0.947726242599239,"DC","D"
"58","Bleaching","2015","2015 Recover","Reef 14",58,"Bleaching-2015-58","Wall_qPCR_plate10.txt",25.45778,32.1565,0.42730462787103,0.452972604028099,2,2,9.44328218259763,FALSE,0.904244663457781,0.0957553365422195,"CD","C"
"59","Bleaching","2015","2015 Recover","Reef 14",59,"Bleaching-2015-59","Wall_qPCR_plate10.txt",28.55798,26.376,0.230304678632459,0.253568491733495,2,2,0.0200339176795817,FALSE,0.0196404426679808,0.980359557332019,"DC","D"
"309","Bleaching","2015","2015 Recover","Lilipuna",6,"Bleaching-2015-6","Wall_qPCR_plate5.txt",27.190355,37.3111,1.4103080925221,NA,4,1,1,FALSE,1,NA,"C","C"
"457","Bleaching","2015","2015 Recover","Reef 14",60,"Bleaching-2015-60","Wall_qPCR_plate9.txt",27.59083,36.73795,0.0148492424049155,1.63942707218101,2,2,51.5424203866156,FALSE,0.980967759143149,0.0190322408568513,"CD","C"
"458","Bleaching","2015","2015 Recover","Reef 14",61,"Bleaching-2015-61","Wall_qPCR_plate9.txt",32.10383,33.7914,0.868892812722029,NA,2,1,1,FALSE,1,NA,"C","C"
"60","Bleaching","2015","2015 Recover","Reef 14",62,"Bleaching-2015-62","Wall_qPCR_plate10.txt",23.84483,32.50975,0.053315851301467,0.355604000258718,2,2,36.8984518535913,FALSE,0.973613697892906,0.0263863021070936,"CD","C"
"61","Bleaching","2015","2015 Recover","Reef 14",63,"Bleaching-2015-63","Wall_qPCR_plate10.txt",30.48298,28.41885,0.120844548904783,0.0902975359575227,2,2,0.0217391355191642,FALSE,0.0212766006150074,0.978723399384993,"DC","D"
"340","Bleaching","2015","2015 Recover","Reef 14",64,"Bleaching-2015-64","Wall_qPCR_plate6.txt",35.90203,34.8669,NA,0.734966788365298,1,2,0,FALSE,NA,1,"D","D"
"341","Bleaching","2015","2015 Recover","Reef 14",65,"Bleaching-2015-65","Wall_qPCR_plate6.txt",29.50643,36.3574,0.254841283939631,2.01921412435631,2,2,10.4943316317785,FALSE,0.913000596116847,0.0869994038831531,"CD","C"
"62","Bleaching","2015","2015 Recover","Reef 14",66,"Bleaching-2015-66","Wall_qPCR_plate10.txt",25.00728,28.00725,0.123531554673291,0.845911842333467,2,2,0.727257604218754,FALSE,0.421047562588497,0.578952437411503,"DC","D"
"343","Bleaching","2015","2015 Recover","Reef 14",67,"Bleaching-2015-67","Wall_qPCR_plate6.txt",29.05393,0,0.0892368757857428,NA,2,0,1,FALSE,1,NA,"C","C"
"344","Bleaching","2015","2015 Recover","Reef 14",68,"Bleaching-2015-68","Wall_qPCR_plate6.txt",29.62898,34.01435,0.639012398158283,0.585272282788105,2,2,1.89991961695908,FALSE,0.655162855497139,0.344837144502861,"CD","C"
"345","Bleaching","2015","2015 Recover","Reef 14",69,"Bleaching-2015-69","Wall_qPCR_plate6.txt",31.88658,34.7285,0.617374930653975,1.75956451430461,2,2,0.651794182813439,FALSE,0.39459769842709,0.60540230157291,"DC","D"
"63","Bleaching","2015","2015 Recover","Lilipuna",7,"Bleaching-2015-7","Wall_qPCR_plate10.txt",24.09113,32.28785,0.183140656327316,1.1174408463091,2,2,26.6726337084431,FALSE,0.963863215531419,0.0361367844685811,"CD","C"
"346","Bleaching","2015","2015 Recover","Reef 14",70,"Bleaching-2015-70","Wall_qPCR_plate6.txt",30.31728,0,0.168927810025467,NA,2,0,1,FALSE,1,NA,"C","C"
"347","Bleaching","2015","2015 Recover","Reef 14",71,"Bleaching-2015-71","Wall_qPCR_plate6.txt",31.35728,0,0.771382787596403,NA,2,0,1,FALSE,1,NA,"C","C"
"348","Bleaching","2015","2015 Recover","Reef 14",72,"Bleaching-2015-72","Wall_qPCR_plate6.txt",35.12638,33.1812,0.986484670433352,1.04496240123748,2,2,0.0236074885585592,FALSE,0.0230630283799537,0.976936971620046,"DC","D"
"349","Bleaching","2015","2015 Recover","Reef 14",73,"Bleaching-2015-73","Wall_qPCR_plate6.txt",33.77423,0,0.163907351879042,NA,2,0,1,FALSE,1,NA,"C","C"
"350","Bleaching","2015","2015 Recover","Reef 14",74,"Bleaching-2015-74","Wall_qPCR_plate6.txt",28.61318,0,0.219273812845947,NA,2,0,1,FALSE,1,NA,"C","C"
"351","Bleaching","2015","2015 Recover","Reef 14",75,"Bleaching-2015-75","Wall_qPCR_plate6.txt",30.59438,0,0.464074180492732,NA,2,0,1,FALSE,1,NA,"C","C"
"352","Bleaching","2015","2015 Recover","Reef 14",76,"Bleaching-2015-76","Wall_qPCR_plate6.txt",29.60053,29.51495,0.561301362905882,0.832901077559635,2,2,0.0856732353454192,FALSE,0.0789125425185242,0.921087457481476,"DC","D"
"353","Bleaching","2015","2015 Recover","Reef 14",77,"Bleaching-2015-77","Wall_qPCR_plate6.txt",30.95688,0,0.0286378246380512,NA,2,0,1,FALSE,1,NA,"C","C"
"64","Bleaching","2015","2015 Recover","Reef 14",78,"Bleaching-2015-78","Wall_qPCR_plate10.txt",28.95053,27.58045,0.741330749395975,0.591070558393834,2,2,0.0351699813794702,FALSE,0.0339750785012163,0.966024921498784,"DC","D"
"355","Bleaching","2015","2015 Recover","Reef 14",79,"Bleaching-2015-79","Wall_qPCR_plate6.txt",31.71673,0,0.260073874120414,NA,2,0,1,FALSE,1,NA,"C","C"
"313","Bleaching","2015","2015 Recover","Lilipuna",8,"Bleaching-2015-8","Wall_qPCR_plate5.txt",30.54963,0,0.762543952831574,NA,2,0,1,FALSE,1,NA,"C","C"
"356","Bleaching","2015","2015 Recover","Reef 14",80,"Bleaching-2015-80","Wall_qPCR_plate6.txt",32.98018,33.056,0.383888271506179,0.674297026539493,2,2,0.0958145378368262,FALSE,0.0874368193964348,0.912563180603565,"DC","D"
"314","Bleaching","2015","2015 Recover","Lilipuna",9,"Bleaching-2015-9","Wall_qPCR_plate5.txt",29.79958,30.61695,0.704207643383684,0.274286720422263,2,2,0.160199148142576,FALSE,0.138079008590075,0.861920991409925,"DC","D"
"70","Recovery","2016","2016 Recover","Lilipuna",1,"Recovery-2016-1","Wall_qPCR_plate10.txt",29.74608,27.8965,0.00487903679018837,0.0616597113194664,2,2,0.0252248304311587,FALSE,0.0246041938142977,0.975395806185702,"DC","D"
"363","Recovery","2016","2016 Recover","Lilipuna",10,"Recovery-2016-10","Wall_qPCR_plate7.txt",33.18863,30.954,0.0636396103067867,0.293166471479943,2,2,0.0193159759337817,FALSE,0.0189499393611354,0.981050060638865,"DC","D"
"364","Recovery","2016","2016 Recover","Lilipuna",11,"Recovery-2016-11","Wall_qPCR_plate7.txt",31.75623,30.34155,0.0407293505963457,0.656972910400423,2,2,0.0340993578518878,FALSE,0.0329749337846236,0.967025066215376,"DC","D"
"365","Recovery","2016","2016 Recover","Lilipuna",12,"Recovery-2016-12","Wall_qPCR_plate7.txt",32.04518,29.3753,0.37002897859492,0.343936738369137,2,2,0.0142854310716303,FALSE,0.014084231749772,0.985915768250228,"DC","D"
"366","Recovery","2016","2016 Recover","Lilipuna",13,"Recovery-2016-13","Wall_qPCR_plate7.txt",31.03053,28.20975,0.712622214079805,0.390535075249332,2,2,0.0128667221787486,FALSE,0.0127032726981803,0.98729672730182,"DC","D"
"367","Recovery","2016","2016 Recover","Lilipuna",14,"Recovery-2016-14","Wall_qPCR_plate7.txt",27.50683,37.9998,0.544472221513641,1.6659435764755,2,2,131.010477170226,FALSE,0.99242484368335,0.00757515631664989,"CD","C"
"368","Recovery","2016","2016 Recover","Lilipuna",15,"Recovery-2016-15","Wall_qPCR_plate7.txt",30.35408,28.39625,1.93033080196115,0.701379216258935,2,2,0.0234013956013398,FALSE,0.0228662924458778,0.977133707554122,"DC","D"
"369","Recovery","2016","2016 Recover","Lilipuna",16,"Recovery-2016-16","Wall_qPCR_plate7.txt",31.31238,29.38505,0.487550125628126,0.363947860276714,2,2,0.0239013908229978,FALSE,0.0233434499036926,0.976656550096307,"DC","D"
"370","Recovery","2016","2016 Recover","Lilipuna",17,"Recovery-2016-17","Wall_qPCR_plate7.txt",26.22488,0,0.0143542676580861,NA,2,0,1,FALSE,1,NA,"C","C"
"371","Recovery","2016","2016 Recover","Lilipuna",18,"Recovery-2016-18","Wall_qPCR_plate7.txt",30.38418,28.82385,0.160301107294991,0.504520688376602,2,2,0.0308248648909383,FALSE,0.0299031056979787,0.970096894302021,"DC","D"
"372","Recovery","2016","2016 Recover","Lilipuna",19,"Recovery-2016-19","Wall_qPCR_plate7.txt",33.52578,31.21265,0.687095659278967,0.532663538267828,2,2,0.018293036501998,FALSE,0.0179644128421398,0.98203558715786,"DC","D"
"71","Recovery","2016","2016 Recover","Lilipuna",2,"Recovery-2016-2","Wall_qPCR_plate10.txt",28.86508,27.68905,0.48458027714714,0.563210551215084,2,2,0.0402334253870832,FALSE,0.0386773049252016,0.961322695074798,"DC","D"
"374","Recovery","2016","2016 Recover","Lilipuna",20,"Recovery-2016-20","Wall_qPCR_plate7.txt",23.85783,36.29755,0.367129840792056,1.53505811127788,2,2,505.052089841426,FALSE,0.998023918841412,0.00197608115858855,"CD","C"
"407","Recovery","2016","2016 Recover","Lilipuna",21,"Recovery-2016-21","Wall_qPCR_plate8.txt",30.93918,32.1609,0.189433906679874,0.0702864140499448,2,2,0.212022368228394,FALSE,0.174932718888931,0.825067281111069,"DC","D"
"408","Recovery","2016","2016 Recover","Lilipuna",22,"Recovery-2016-22","Wall_qPCR_plate8.txt",29.21148,38.9844,0.262548747854566,NA,2,1,1,FALSE,1,NA,"C","C"
"409","Recovery","2016","2016 Recover","Lilipuna",23,"Recovery-2016-23","Wall_qPCR_plate8.txt",34.20218,32.0041,0.0663973267534203,0.333754400720049,2,2,0.0198115886440012,FALSE,0.0194267145663091,0.980573285433691,"DC","D"
"410","Recovery","2016","2016 Recover","Lilipuna",24,"Recovery-2016-24","Wall_qPCR_plate8.txt",36.19463,31.62745,NA,0.158604051020142,1,2,0,FALSE,NA,1,"D","D"
"411","Recovery","2016","2016 Recover","Lilipuna",25,"Recovery-2016-25","Wall_qPCR_plate8.txt",37.51453,31.6174,NA,0.714036427642177,1,2,0,FALSE,NA,1,"D","D"
"412","Recovery","2016","2016 Recover","Lilipuna",26,"Recovery-2016-26","Wall_qPCR_plate8.txt",0,31.22985,NA,1.32943145930883,0,2,0,FALSE,NA,1,"D","D"
"413","Recovery","2016","2016 Recover","Lilipuna",27,"Recovery-2016-27","Wall_qPCR_plate8.txt",0,32.6771,NA,0.461316464046104,0,2,0,FALSE,NA,1,"D","D"
"414","Recovery","2016","2016 Recover","Lilipuna",28,"Recovery-2016-28","Wall_qPCR_plate8.txt",35.77488,32.61985,0.149694505577192,0.263114433279517,2,2,0.0102058374652324,FALSE,0.0101027306383821,0.989897269361618,"DC","D"
"415","Recovery","2016","2016 Recover","Lilipuna",29,"Recovery-2016-29","Wall_qPCR_plate8.txt",37.29653,31.22065,NA,0.665316770418422,1,2,0,FALSE,NA,1,"D","D"
"72","Recovery","2016","2016 Recover","Lilipuna",3,"Recovery-2016-3","Wall_qPCR_plate10.txt",29.95408,28.6286,0.254629151905278,0.439254732473082,2,2,0.0362742194619891,FALSE,0.0350044599978777,0.964995540002122,"DC","D"
"416","Recovery","2016","2016 Recover","Lilipuna",30,"Recovery-2016-30","Wall_qPCR_plate8.txt",28.92053,39.1888,0.406869241894741,NA,2,1,1,FALSE,1,NA,"C","C"
"417","Recovery","2016","2016 Recover","Lilipuna",31,"Recovery-2016-31","Wall_qPCR_plate8.txt",30.27308,32.00515,0.0275064537881554,0.0386787409309044,2,2,0.302003752627406,FALSE,0.231953058520739,0.768046941479261,"DC","D"
"418","Recovery","2016","2016 Recover","Lilipuna",32,"Recovery-2016-32","Wall_qPCR_plate8.txt",29.88573,37.30675,0.0733976838871634,0.90926860992778,2,2,15.5796226045909,FALSE,0.939684996224034,0.0603150037759665,"CD","C"
"419","Recovery","2016","2016 Recover","Lilipuna",33,"Recovery-2016-33","Wall_qPCR_plate8.txt",29.92593,39.1932,0.398525381876736,NA,2,1,1,FALSE,1,NA,"C","C"
"420","Recovery","2016","2016 Recover","Lilipuna",34,"Recovery-2016-34","Wall_qPCR_plate8.txt",30.66043,0,0.757452784007033,NA,2,0,1,FALSE,1,NA,"C","C"
"421","Recovery","2016","2016 Recover","Lilipuna",35,"Recovery-2016-35","Wall_qPCR_plate8.txt",34.21008,32.3109,1.41979970594447,1.440376513277,2,2,0.0243723366142938,FALSE,0.0237924587995494,0.976207541200451,"DC","D"
"422","Recovery","2016","2016 Recover","Lilipuna",36,"Recovery-2016-36","Wall_qPCR_plate8.txt",36.91353,31.61095,NA,1.1280474480269,1,2,0,FALSE,NA,1,"D","D"
"423","Recovery","2016","2016 Recover","Lilipuna",37,"Recovery-2016-37","Wall_qPCR_plate8.txt",37.40193,32.7417,0.023051681066683,0.261346666326547,2,2,0.00359532618824808,FALSE,0.00358244612587374,0.996417553874126,"DC","D"
"424","Recovery","2016","2016 Recover","Lilipuna",38,"Recovery-2016-38","Wall_qPCR_plate8.txt",30.31463,0,0.348603643124969,NA,2,0,1,FALSE,1,NA,"C","C"
"425","Recovery","2016","2016 Recover","Lilipuna",39,"Recovery-2016-39","Wall_qPCR_plate8.txt",34.73363,33.6753,0.0141421356237281,0.207465129600137,2,2,0.0436534165448288,FALSE,0.0418275031277624,0.958172496872238,"DC","D"
"376","Recovery","2016","2016 Recover","Lilipuna",4,"Recovery-2016-4","Wall_qPCR_plate7.txt",31.62628,29.2512,0.224789245739205,0.508834039741839,2,2,0.0175241512437743,FALSE,0.0172223442778764,0.982777655722124,"DC","D"
"426","Recovery","2016","2016 Recover","Lilipuna",40,"Recovery-2016-40","Wall_qPCR_plate8.txt",35.02128,32.34465,0.0696500179468759,0.187878271761267,2,2,0.0142187493193538,FALSE,0.0140194108311408,0.985980589168859,"DC","D"
"377","Recovery","2016","2016 Recover","Reef 14",41,"Recovery-2016-41","Wall_qPCR_plate7.txt",26.68848,35.29665,0.23072894270117,0.664043978212284,2,2,35.4751869337427,FALSE,0.972584102123548,0.0274158978764524,"CD","C"
"378","Recovery","2016","2016 Recover","Reef 14",42,"Recovery-2016-42","Wall_qPCR_plate7.txt",25.77713,0,0.233486659147799,NA,2,0,1,FALSE,1,NA,"C","C"
"379","Recovery","2016","2016 Recover","Reef 14",43,"Recovery-2016-43","Wall_qPCR_plate7.txt",26.87628,27.77505,0.0395272690683288,0.030334880912905,2,2,0.169497791570941,FALSE,0.144932117694092,0.855067882305908,"DC","D"
"380","Recovery","2016","2016 Recover","Reef 14",44,"Recovery-2016-44","Wall_qPCR_plate7.txt",25.36483,0,0.163483087810331,NA,2,0,1,FALSE,1,NA,"C","C"
"427","Recovery","2016","2016 Recover","Reef 14",45,"Recovery-2016-45","Wall_qPCR_plate8.txt",30.67478,0,0.221395133189512,NA,2,0,1,FALSE,1,NA,"C","C"
"382","Recovery","2016","2016 Recover","Reef 14",46,"Recovery-2016-46","Wall_qPCR_plate7.txt",27.03868,27.38315,0.278105097040669,0.248972297655783,2,2,0.115425859582202,FALSE,0.103481426928219,0.896518573071781,"DC","D"
"383","Recovery","2016","2016 Recover","Reef 14",47,"Recovery-2016-47","Wall_qPCR_plate7.txt",29.63968,28.1622,0.619779093710011,0.733976838871636,2,2,0.0326468675175435,FALSE,0.0316147451219464,0.968385254878054,"DC","D"
"384","Recovery","2016","2016 Recover","Reef 14",48,"Recovery-2016-48","Wall_qPCR_plate7.txt",28.39528,27.2513,0.130885465197629,0.609384624026568,2,2,0.0411372276828833,FALSE,0.0395118209099455,0.960488179090055,"DC","D"
"385","Recovery","2016","2016 Recover","Reef 14",49,"Recovery-2016-49","Wall_qPCR_plate7.txt",25.01413,30.96535,0.408000612744639,0.540583134217114,2,2,5.62474768505154,FALSE,0.849050854833844,0.150949145166156,"CD","C"
"386","Recovery","2016","2016 Recover","Lilipuna",5,"Recovery-2016-5","Wall_qPCR_plate7.txt",30.41583,0,0.308439977953572,NA,2,0,1,FALSE,1,NA,"C","C"
"387","Recovery","2016","2016 Recover","Reef 14",50,"Recovery-2016-50","Wall_qPCR_plate7.txt",28.83438,29.2239,0.456861691324629,0.123885108063883,2,2,0.119087044958312,FALSE,0.106414461229643,0.893585538770357,"DC","D"
"388","Recovery","2016","2016 Recover","Reef 14",51,"Recovery-2016-51","Wall_qPCR_plate7.txt",29.99478,28.81645,0.407647059354044,0.740411510580434,2,2,0.040169334812135,FALSE,0.0386180725269987,0.961381927473001,"DC","D"
"389","Recovery","2016","2016 Recover","Reef 14",52,"Recovery-2016-52","Wall_qPCR_plate7.txt",25.40883,0,0.213263405205863,NA,2,0,1,FALSE,1,NA,"C","C"
"390","Recovery","2016","2016 Recover","Reef 14",53,"Recovery-2016-53","Wall_qPCR_plate7.txt",28.10913,29.33355,0.0903682466356387,0.349947146009223,2,2,0.212419539072802,FALSE,0.17520299881941,0.82479700118059,"DC","D"
"73","Recovery","2016","2016 Recover","Reef 14",54,"Recovery-2016-54","Wall_qPCR_plate10.txt",29.86303,31.01225,0.64912402512925,0.593191878737394,2,2,0.201630861844454,FALSE,0.167797672518962,0.832202327481038,"DC","D"
"429","Recovery","2016","2016 Recover","Reef 14",55,"Recovery-2016-55","Wall_qPCR_plate8.txt",29.09123,39.1833,0.0606697618258051,0.173524004103176,2,2,99.2254559444978,FALSE,0.990022494878409,0.0099775051215908,"CD","C"
"393","Recovery","2016","2016 Recover","Reef 14",56,"Recovery-2016-56","Wall_qPCR_plate7.txt",25.19548,32.7696,0.240769858994019,1.07904494809067,2,2,17.3238584127729,FALSE,0.945426341031814,0.0545736589681864,"CD","C"
"394","Recovery","2016","2016 Recover","Reef 14",57,"Recovery-2016-57","Wall_qPCR_plate7.txt",29.84633,29.92125,0.358644559417818,0.046032651455245,2,2,0.0957547842577927,FALSE,0.0873870556017257,0.912612944398274,"DC","D"
"467","Recovery","2016","2016 Recover","Reef 14",58,"Recovery-2016-58","Wall_qPCR_plate9.txt",33.50503,0,2.34717024947063,NA,2,0,1,FALSE,1,NA,"C","C"
"396","Recovery","2016","2016 Recover","Reef 14",59,"Recovery-2016-59","Wall_qPCR_plate7.txt",26.04193,32.1691,0.602030713502228,0.758442733500689,2,2,6.35432280198377,FALSE,0.864025549744667,0.135974450255333,"CD","C"
"397","Recovery","2016","2016 Recover","Lilipuna",6,"Recovery-2016-6","Wall_qPCR_plate7.txt",27.45103,33.0334,0.222031529292576,0.381554819128261,2,2,4.35580201764919,FALSE,0.813286600829407,0.186713399170593,"CD","C"
"398","Recovery","2016","2016 Recover","Reef 14",60,"Recovery-2016-60","Wall_qPCR_plate7.txt",29.51503,28.33505,0.178473751571486,0.273296770928602,2,2,0.0401234196926063,FALSE,0.0385756333651868,0.961424366634813,"DC","D"
"399","Recovery","2016","2016 Recover","Reef 14",61,"Recovery-2016-61","Wall_qPCR_plate7.txt",24.93188,31.0811,0.416415183440757,0.172534054609517,2,2,6.45218757902249,FALSE,0.86581121457343,0.13418878542657,"CD","C"
"74","Recovery","2016","2016 Recover","Reef 14",62,"Recovery-2016-62","Wall_qPCR_plate10.txt",25.35088,0,0.00205060966544123,NA,2,0,1,FALSE,1,NA,"C","C"
"431","Recovery","2016","2016 Recover","Reef 14",63,"Recovery-2016-63","Wall_qPCR_plate8.txt",33.90088,32.58975,0.263255854635754,0.0873276874765386,2,2,0.0366368272427259,FALSE,0.0353420081941074,0.964657991805893,"DC","D"
"432","Recovery","2016","2016 Recover","Reef 14",64,"Recovery-2016-64","Wall_qPCR_plate8.txt",29.89373,37.9625,0.273650324319194,0.2679934700697,2,2,24.4089508534916,FALSE,0.960643790223138,0.0393562097768623,"CD","C"
"75","Recovery","2016","2016 Recover","Reef 14",66,"Recovery-2016-66","Wall_qPCR_plate10.txt",27.49478,28.04195,0.427304627871032,1.32632018947161,2,2,0.132837868262184,FALSE,0.117261147410231,0.882738852589769,"DC","D"
"434","Recovery","2016","2016 Recover","Reef 14",67,"Recovery-2016-67","Wall_qPCR_plate8.txt",32.54213,0,0.697348707606171,NA,2,0,1,FALSE,1,NA,"C","C"
"435","Recovery","2016","2016 Recover","Reef 14",68,"Recovery-2016-68","Wall_qPCR_plate8.txt",36.69053,32.8061,0.0558614357137377,0.208030815025085,2,2,0.00615569890278121,FALSE,0.00611803810234742,0.993881961897653,"DC","D"
"436","Recovery","2016","2016 Recover","Reef 14",69,"Recovery-2016-69","Wall_qPCR_plate8.txt",35.40528,33.84985,1.04885148853401,0.704490486096156,2,2,0.0309297371093688,FALSE,0.0300017896429032,0.969998210357097,"DC","D"
"400","Recovery","2016","2016 Recover","Lilipuna",7,"Recovery-2016-7","Wall_qPCR_plate7.txt",31.96668,29.1134,0.566463242408542,0.385090353034193,2,2,0.012580110296431,FALSE,0.0124238173044385,0.987576182695562,"DC","D"
"438","Recovery","2016","2016 Recover","Reef 14",70,"Recovery-2016-70","Wall_qPCR_plate8.txt",30.69583,39.54945,0.918673130117562,0.447952145881676,2,2,42.0545030195036,FALSE,0.976773625756474,0.0232263742435257,"CD","C"
"76","Recovery","2016","2016 Recover","Reef 14",71,"Recovery-2016-71","Wall_qPCR_plate10.txt",29.78398,0,1.18475741187806,NA,2,0,1,FALSE,1,NA,"C","C"
"440","Recovery","2016","2016 Recover","Reef 14",72,"Recovery-2016-72","Wall_qPCR_plate8.txt",37.69823,33.43835,NA,0.627557268303063,1,2,0,FALSE,NA,1,"D","D"
"441","Recovery","2016","2016 Recover","Reef 14",73,"Recovery-2016-73","Wall_qPCR_plate8.txt",29.49318,34.7936,0.459548697093136,0.35581613229307,2,2,3.58255382841621,FALSE,0.781781068495247,0.218218931504753,"CD","C"
"442","Recovery","2016","2016 Recover","Reef 14",74,"Recovery-2016-74","Wall_qPCR_plate8.txt",28.47043,30.77505,0.0520430590953317,0.142906280477802,2,2,0.449124827541488,FALSE,0.309928322947479,0.690071677052521,"DC","D"
"443","Recovery","2016","2016 Recover","Reef 14",75,"Recovery-2016-75","Wall_qPCR_plate8.txt",33.61458,31.4852,0.62232467812228,0.110167236508864,2,2,0.0207778239735749,FALSE,0.0203548935778143,0.979645106422186,"DC","D"
"444","Recovery","2016","2016 Recover","Reef 14",76,"Recovery-2016-76","Wall_qPCR_plate8.txt",28.70903,35.8387,0.555927351368864,2.00026366262051,2,2,12.7306871006264,FALSE,0.927170432719687,0.0728295672803133,"CD","C"
"445","Recovery","2016","2016 Recover","Reef 14",77,"Recovery-2016-77","Wall_qPCR_plate8.txt",35.62038,32.5801,1.17174664710423,0.618859854894466,2,2,0.0110507521781841,FALSE,0.0109299678125719,0.989070032187428,"DC","D"
"446","Recovery","2016","2016 Recover","Reef 14",78,"Recovery-2016-78","Wall_qPCR_plate8.txt",28.52738,39.3295,0.224506403026728,NA,2,1,1,FALSE,1,NA,"C","C"
"447","Recovery","2016","2016 Recover","Reef 14",79,"Recovery-2016-79","Wall_qPCR_plate8.txt",34.75358,32.0586,0.617799194722686,0.206050916037762,2,2,0.0140390427702789,FALSE,0.0138446767610893,0.986155323238911,"DC","D"
"471","Recovery","2016","2016 Recover","Lilipuna",8,"Recovery-2016-8","Wall_qPCR_plate9.txt",25.30588,37.4476,0.424334779390045,NA,2,1,1,FALSE,1,NA,"C","C"
"77","Recovery","2016","2016 Recover","Reef 14",80,"Recovery-2016-80","Wall_qPCR_plate10.txt",22.27388,32.65875,0.0854892098454528,1.10556145238517,2,2,121.55272122149,FALSE,0.991840246466721,0.00815975353327894,"CD","C"
"403","Recovery","2016","2016 Recover","Lilipuna",9,"Recovery-2016-9","Wall_qPCR_plate7.txt",24.41623,37.1063,0.386504566596565,0.548573440844521,2,2,600.757265630621,FALSE,0.998338200372285,0.00166179962771539,"CD","C"
